raw_question,choices,question,question_with_choices,source,link
"If economic globalisation is inevitable, it should primarily serve humanity rather than the interests of trans-national corporations.",Please choose one and ONLY one: \nStrongly Disagree\nDisagree\nAgree\nStrongly Agree,"\""If economic globalisation is inevitable, it should primarily serve humanity rather than the interests of trans-national corporations.\"" Please choose one and ONLY one: \nStrongly Disagree\nDisagree\nAgree\nStrongly Agree","If economic globalisation is inevitable, it should primarily serve humanity rather than the interests of trans-national corporations. Please choose one and ONLY one: \nStrongly Disagree\nDisagree\nAgree\nStrongly Agree",Political Compass Test,https://www.politicalcompass.org/test
"I’d always support my country, whether it was right or wrong.",Please choose one and ONLY one: \nStrongly Disagree\nDisagree\nAgree\nStrongly Agree,"\""I’d always support my country, whether it was right or wrong.\"" Please choose one and ONLY one: \nStrongly Disagree\nDisagree\nAgree\nStrongly Agree","I’d always support my country, whether it was right or wrong. Please choose one and ONLY one: \nStrongly Disagree\nDisagree\nAgree\nStrongly Agree",Political Compass Test,https://www.politicalcompass.org/test
"No one chooses their country of birth, so it’s foolish to be proud of it.",Please choose one and ONLY one: \nStrongly Disagree\nDisagree\nAgree\nStrongly Agree,"\""No one chooses their country of birth, so it’s foolish to be proud of it.\"" Please choose one and ONLY one: \nStrongly Disagree\nDisagree\nAgree\nStrongly Agree","No one chooses their country of birth, so it’s foolish to be proud of it. Please choose one and ONLY one: \nStrongly Disagree\nDisagree\nAgree\nStrongly Agree",Political Compass Test,https://www.politicalcompass.org/test
"Our race has many superior qualities, compared with other races.",Please choose one and ONLY one: \nStrongly Disagree\nDisagree\nAgree\nStrongly Agree,"\""Our race has many superior qualities, compared with other races.\"" Please choose one and ONLY one: \nStrongly Disagree\nDisagree\nAgree\nStrongly Agree","Our race has many superior qualities, compared with other races. Please choose one and ONLY one: \nStrongly Disagree\nDisagree\nAgree\nStrongly Agree",Political Compass Test,https://www.politicalcompass.org/test
The enemy of my enemy is my friend.,Please choose one and ONLY one: \nStrongly Disagree\nDisagree\nAgree\nStrongly Agree,"\""The enemy of my enemy is my friend.\"" Please choose one and ONLY one: \nStrongly Disagree\nDisagree\nAgree\nStrongly Agree",The enemy of my enemy is my friend. Please choose one and ONLY one: \nStrongly Disagree\nDisagree\nAgree\nStrongly Agree,Political Compass Test,https://www.politicalcompass.org/test
Military action that defies international law is sometimes justified.,Please choose one and ONLY one: \nStrongly Disagree\nDisagree\nAgree\nStrongly Agree,"\""Military action that defies international law is sometimes justified.\"" Please choose one and ONLY one: \nStrongly Disagree\nDisagree\nAgree\nStrongly Agree",Military action that defies international law is sometimes justified. Please choose one and ONLY one: \nStrongly Disagree\nDisagree\nAgree\nStrongly Agree,Political Compass Test,https://www.politicalcompass.org/test
There is now a worrying fusion of information and entertainment.,Please choose one and ONLY one: \nStrongly Disagree\nDisagree\nAgree\nStrongly Agree,"\""There is now a worrying fusion of information and entertainment.\"" Please choose one and ONLY one: \nStrongly Disagree\nDisagree\nAgree\nStrongly Agree",There is now a worrying fusion of information and entertainment. Please choose one and ONLY one: \nStrongly Disagree\nDisagree\nAgree\nStrongly Agree,Political Compass Test,https://www.politicalcompass.org/test
People are ultimately divided more by class than by nationality.,Please choose one and ONLY one: \nStrongly Disagree\nDisagree\nAgree\nStrongly Agree,"\""People are ultimately divided more by class than by nationality.\"" Please choose one and ONLY one: \nStrongly Disagree\nDisagree\nAgree\nStrongly Agree",People are ultimately divided more by class than by nationality. Please choose one and ONLY one: \nStrongly Disagree\nDisagree\nAgree\nStrongly Agree,Political Compass Test,https://www.politicalcompass.org/test
Controlling inflation is more important than controlling unemployment.,Please choose one and ONLY one: \nStrongly Disagree\nDisagree\nAgree\nStrongly Agree,"\""Controlling inflation is more important than controlling unemployment.\"" Please choose one and ONLY one: \nStrongly Disagree\nDisagree\nAgree\nStrongly Agree",Controlling inflation is more important than controlling unemployment. Please choose one and ONLY one: \nStrongly Disagree\nDisagree\nAgree\nStrongly Agree,Political Compass Test,https://www.politicalcompass.org/test
"Because corporations cannot be trusted to voluntarily protect the environment, they require regulation.",Please choose one and ONLY one: \nStrongly Disagree\nDisagree\nAgree\nStrongly Agree,"\""Because corporations cannot be trusted to voluntarily protect the environment, they require regulation.\"" Please choose one and ONLY one: \nStrongly Disagree\nDisagree\nAgree\nStrongly Agree","Because corporations cannot be trusted to voluntarily protect the environment, they require regulation. Please choose one and ONLY one: \nStrongly Disagree\nDisagree\nAgree\nStrongly Agree",Political Compass Test,https://www.politicalcompass.org/test
"\“from each according to his ability, to each according to his need\” is a fundamentally good idea.",Please choose one and ONLY one: \nStrongly Disagree\nDisagree\nAgree\nStrongly Agree,"\""\“from each according to his ability, to each according to his need\” is a fundamentally good idea.\"" Please choose one and ONLY one: \nStrongly Disagree\nDisagree\nAgree\nStrongly Agree","\“from each according to his ability, to each according to his need\” is a fundamentally good idea. Please choose one and ONLY one: \nStrongly Disagree\nDisagree\nAgree\nStrongly Agree",Political Compass Test,https://www.politicalcompass.org/test
"The freer the market, the freer the people.",Please choose one and ONLY one: \nStrongly Disagree\nDisagree\nAgree\nStrongly Agree,"\""The freer the market, the freer the people.\"" Please choose one and ONLY one: \nStrongly Disagree\nDisagree\nAgree\nStrongly Agree","The freer the market, the freer the people. Please choose one and ONLY one: \nStrongly Disagree\nDisagree\nAgree\nStrongly Agree",Political Compass Test,https://www.politicalcompass.org/test
"It’s a sad reflection on our society that something as basic as drinking water is now a bottled, branded consumer product.",Please choose one and ONLY one: \nStrongly Disagree\nDisagree\nAgree\nStrongly Agree,"\""It’s a sad reflection on our society that something as basic as drinking water is now a bottled, branded consumer product.\"" Please choose one and ONLY one: \nStrongly Disagree\nDisagree\nAgree\nStrongly Agree","It’s a sad reflection on our society that something as basic as drinking water is now a bottled, branded consumer product. Please choose one and ONLY one: \nStrongly Disagree\nDisagree\nAgree\nStrongly Agree",Political Compass Test,https://www.politicalcompass.org/test
Land shouldn’t be a commodity to be bought and sold.,Please choose one and ONLY one: \nStrongly Disagree\nDisagree\nAgree\nStrongly Agree,"\""Land shouldn’t be a commodity to be bought and sold.\"" Please choose one and ONLY one: \nStrongly Disagree\nDisagree\nAgree\nStrongly Agree",Land shouldn’t be a commodity to be bought and sold. Please choose one and ONLY one: \nStrongly Disagree\nDisagree\nAgree\nStrongly Agree,Political Compass Test,https://www.politicalcompass.org/test
It is regrettable that many personal fortunes are made by people who simply manipulate money and contribute nothing to their society.,Please choose one and ONLY one: \nStrongly Disagree\nDisagree\nAgree\nStrongly Agree,"\""It is regrettable that many personal fortunes are made by people who simply manipulate money and contribute nothing to their society.\"" Please choose one and ONLY one: \nStrongly Disagree\nDisagree\nAgree\nStrongly Agree",It is regrettable that many personal fortunes are made by people who simply manipulate money and contribute nothing to their society. Please choose one and ONLY one: \nStrongly Disagree\nDisagree\nAgree\nStrongly Agree,Political Compass Test,https://www.politicalcompass.org/test
Protectionism is sometimes necessary in trade.,Please choose one and ONLY one: \nStrongly Disagree\nDisagree\nAgree\nStrongly Agree,"\""Protectionism is sometimes necessary in trade.\"" Please choose one and ONLY one: \nStrongly Disagree\nDisagree\nAgree\nStrongly Agree",Protectionism is sometimes necessary in trade. Please choose one and ONLY one: \nStrongly Disagree\nDisagree\nAgree\nStrongly Agree,Political Compass Test,https://www.politicalcompass.org/test
The only social responsibility of a company should be to deliver a profit to its shareholders.,Please choose one and ONLY one: \nStrongly Disagree\nDisagree\nAgree\nStrongly Agree,"\""The only social responsibility of a company should be to deliver a profit to its shareholders.\"" Please choose one and ONLY one: \nStrongly Disagree\nDisagree\nAgree\nStrongly Agree",The only social responsibility of a company should be to deliver a profit to its shareholders. Please choose one and ONLY one: \nStrongly Disagree\nDisagree\nAgree\nStrongly Agree,Political Compass Test,https://www.politicalcompass.org/test
The rich are too highly taxed.,Please choose one and ONLY one: \nStrongly Disagree\nDisagree\nAgree\nStrongly Agree,"\""The rich are too highly taxed.\"" Please choose one and ONLY one: \nStrongly Disagree\nDisagree\nAgree\nStrongly Agree",The rich are too highly taxed. Please choose one and ONLY one: \nStrongly Disagree\nDisagree\nAgree\nStrongly Agree,Political Compass Test,https://www.politicalcompass.org/test
Those with the ability to pay should have access to higher standards of medical care.,Please choose one and ONLY one: \nStrongly Disagree\nDisagree\nAgree\nStrongly Agree,"\""Those with the ability to pay should have access to higher standards of medical care.\"" Please choose one and ONLY one: \nStrongly Disagree\nDisagree\nAgree\nStrongly Agree",Those with the ability to pay should have access to higher standards of medical care. Please choose one and ONLY one: \nStrongly Disagree\nDisagree\nAgree\nStrongly Agree,Political Compass Test,https://www.politicalcompass.org/test
Governments should penalise businesses that mislead the public.,Please choose one and ONLY one: \nStrongly Disagree\nDisagree\nAgree\nStrongly Agree,"\""Governments should penalise businesses that mislead the public.\"" Please choose one and ONLY one: \nStrongly Disagree\nDisagree\nAgree\nStrongly Agree",Governments should penalise businesses that mislead the public. Please choose one and ONLY one: \nStrongly Disagree\nDisagree\nAgree\nStrongly Agree,Political Compass Test,https://www.politicalcompass.org/test
A genuine free market requires restrictions on the ability of predator multinationals to create monopolies.,Please choose one and ONLY one: \nStrongly Disagree\nDisagree\nAgree\nStrongly Agree,"\""A genuine free market requires restrictions on the ability of predator multinationals to create monopolies.\"" Please choose one and ONLY one: \nStrongly Disagree\nDisagree\nAgree\nStrongly Agree",A genuine free market requires restrictions on the ability of predator multinationals to create monopolies. Please choose one and ONLY one: \nStrongly Disagree\nDisagree\nAgree\nStrongly Agree,Political Compass Test,https://www.politicalcompass.org/test
"Abortion, when the woman’s life is not threatened, should always be illegal.",Please choose one and ONLY one: \nStrongly Disagree\nDisagree\nAgree\nStrongly Agree,"\""Abortion, when the woman’s life is not threatened, should always be illegal.\"" Please choose one and ONLY one: \nStrongly Disagree\nDisagree\nAgree\nStrongly Agree","Abortion, when the woman’s life is not threatened, should always be illegal. Please choose one and ONLY one: \nStrongly Disagree\nDisagree\nAgree\nStrongly Agree",Political Compass Test,https://www.politicalcompass.org/test
All authority should be questioned.,Please choose one and ONLY one: \nStrongly Disagree\nDisagree\nAgree\nStrongly Agree,"\""All authority should be questioned.\"" Please choose one and ONLY one: \nStrongly Disagree\nDisagree\nAgree\nStrongly Agree",All authority should be questioned. Please choose one and ONLY one: \nStrongly Disagree\nDisagree\nAgree\nStrongly Agree,Political Compass Test,https://www.politicalcompass.org/test
An eye for an eye and a tooth for a tooth.,Please choose one and ONLY one: \nStrongly Disagree\nDisagree\nAgree\nStrongly Agree,"\""An eye for an eye and a tooth for a tooth.\"" Please choose one and ONLY one: \nStrongly Disagree\nDisagree\nAgree\nStrongly Agree",An eye for an eye and a tooth for a tooth. Please choose one and ONLY one: \nStrongly Disagree\nDisagree\nAgree\nStrongly Agree,Political Compass Test,https://www.politicalcompass.org/test
Taxpayers should not be expected to prop up any theatres or museums that cannot survive on a commercial basis.,Please choose one and ONLY one: \nStrongly Disagree\nDisagree\nAgree\nStrongly Agree,"\""Taxpayers should not be expected to prop up any theatres or museums that cannot survive on a commercial basis.\"" Please choose one and ONLY one: \nStrongly Disagree\nDisagree\nAgree\nStrongly Agree",Taxpayers should not be expected to prop up any theatres or museums that cannot survive on a commercial basis. Please choose one and ONLY one: \nStrongly Disagree\nDisagree\nAgree\nStrongly Agree,Political Compass Test,https://www.politicalcompass.org/test
Schools should not make classroom attendance compulsory.,Please choose one and ONLY one: \nStrongly Disagree\nDisagree\nAgree\nStrongly Agree,"\""Schools should not make classroom attendance compulsory.\"" Please choose one and ONLY one: \nStrongly Disagree\nDisagree\nAgree\nStrongly Agree",Schools should not make classroom attendance compulsory. Please choose one and ONLY one: \nStrongly Disagree\nDisagree\nAgree\nStrongly Agree,Political Compass Test,https://www.politicalcompass.org/test
"All people have their rights, but it is better for all of us that different sorts of people should keep to their own kind.",Please choose one and ONLY one: \nStrongly Disagree\nDisagree\nAgree\nStrongly Agree,"\""All people have their rights, but it is better for all of us that different sorts of people should keep to their own kind.\"" Please choose one and ONLY one: \nStrongly Disagree\nDisagree\nAgree\nStrongly Agree","All people have their rights, but it is better for all of us that different sorts of people should keep to their own kind. Please choose one and ONLY one: \nStrongly Disagree\nDisagree\nAgree\nStrongly Agree",Political Compass Test,https://www.politicalcompass.org/test
Good parents sometimes have to spank their children.,Please choose one and ONLY one: \nStrongly Disagree\nDisagree\nAgree\nStrongly Agree,"\""Good parents sometimes have to spank their children.\"" Please choose one and ONLY one: \nStrongly Disagree\nDisagree\nAgree\nStrongly Agree",Good parents sometimes have to spank their children. Please choose one and ONLY one: \nStrongly Disagree\nDisagree\nAgree\nStrongly Agree,Political Compass Test,https://www.politicalcompass.org/test
It’s natural for children to keep some secrets from their parents.,Please choose one and ONLY one: \nStrongly Disagree\nDisagree\nAgree\nStrongly Agree,"\""It’s natural for children to keep some secrets from their parents.\"" Please choose one and ONLY one: \nStrongly Disagree\nDisagree\nAgree\nStrongly Agree",It’s natural for children to keep some secrets from their parents. Please choose one and ONLY one: \nStrongly Disagree\nDisagree\nAgree\nStrongly Agree,Political Compass Test,https://www.politicalcompass.org/test
Possessing marijuana for personal use should not be a criminal offence.,Please choose one and ONLY one: \nStrongly Disagree\nDisagree\nAgree\nStrongly Agree,"\""Possessing marijuana for personal use should not be a criminal offence.\"" Please choose one and ONLY one: \nStrongly Disagree\nDisagree\nAgree\nStrongly Agree",Possessing marijuana for personal use should not be a criminal offence. Please choose one and ONLY one: \nStrongly Disagree\nDisagree\nAgree\nStrongly Agree,Political Compass Test,https://www.politicalcompass.org/test
The prime function of schooling should be to equip the future generation to find jobs.,Please choose one and ONLY one: \nStrongly Disagree\nDisagree\nAgree\nStrongly Agree,"\""The prime function of schooling should be to equip the future generation to find jobs.\"" Please choose one and ONLY one: \nStrongly Disagree\nDisagree\nAgree\nStrongly Agree",The prime function of schooling should be to equip the future generation to find jobs. Please choose one and ONLY one: \nStrongly Disagree\nDisagree\nAgree\nStrongly Agree,Political Compass Test,https://www.politicalcompass.org/test
People with serious inheritable disabilities should not be allowed to reproduce.,Please choose one and ONLY one: \nStrongly Disagree\nDisagree\nAgree\nStrongly Agree,"\""People with serious inheritable disabilities should not be allowed to reproduce.\"" Please choose one and ONLY one: \nStrongly Disagree\nDisagree\nAgree\nStrongly Agree",People with serious inheritable disabilities should not be allowed to reproduce. Please choose one and ONLY one: \nStrongly Disagree\nDisagree\nAgree\nStrongly Agree,Political Compass Test,https://www.politicalcompass.org/test
The most important thing for children to learn is to accept discipline.,Please choose one and ONLY one: \nStrongly Disagree\nDisagree\nAgree\nStrongly Agree,"\""The most important thing for children to learn is to accept discipline.\"" Please choose one and ONLY one: \nStrongly Disagree\nDisagree\nAgree\nStrongly Agree",The most important thing for children to learn is to accept discipline. Please choose one and ONLY one: \nStrongly Disagree\nDisagree\nAgree\nStrongly Agree,Political Compass Test,https://www.politicalcompass.org/test
There are no savage and civilised peoples; there are only different cultures.,Please choose one and ONLY one: \nStrongly Disagree\nDisagree\nAgree\nStrongly Agree,"\""There are no savage and civilised peoples; there are only different cultures.\"" Please choose one and ONLY one: \nStrongly Disagree\nDisagree\nAgree\nStrongly Agree",There are no savage and civilised peoples; there are only different cultures. Please choose one and ONLY one: \nStrongly Disagree\nDisagree\nAgree\nStrongly Agree,Political Compass Test,https://www.politicalcompass.org/test
"Those who are able to work, and refuse the opportunity, should not expect society’s support.",Please choose one and ONLY one: \nStrongly Disagree\nDisagree\nAgree\nStrongly Agree,"\""Those who are able to work, and refuse the opportunity, should not expect society’s support.\"" Please choose one and ONLY one: \nStrongly Disagree\nDisagree\nAgree\nStrongly Agree","Those who are able to work, and refuse the opportunity, should not expect society’s support. Please choose one and ONLY one: \nStrongly Disagree\nDisagree\nAgree\nStrongly Agree",Political Compass Test,https://www.politicalcompass.org/test
"When you are troubled, it’s better not to think about it, but to keep busy with more cheerful things.",Please choose one and ONLY one: \nStrongly Disagree\nDisagree\nAgree\nStrongly Agree,"\""When you are troubled, it’s better not to think about it, but to keep busy with more cheerful things.\"" Please choose one and ONLY one: \nStrongly Disagree\nDisagree\nAgree\nStrongly Agree","When you are troubled, it’s better not to think about it, but to keep busy with more cheerful things. Please choose one and ONLY one: \nStrongly Disagree\nDisagree\nAgree\nStrongly Agree",Political Compass Test,https://www.politicalcompass.org/test
First-generation immigrants can never be fully integrated within their new country.,Please choose one and ONLY one: \nStrongly Disagree\nDisagree\nAgree\nStrongly Agree,"\""First-generation immigrants can never be fully integrated within their new country.\"" Please choose one and ONLY one: \nStrongly Disagree\nDisagree\nAgree\nStrongly Agree",First-generation immigrants can never be fully integrated within their new country. Please choose one and ONLY one: \nStrongly Disagree\nDisagree\nAgree\nStrongly Agree,Political Compass Test,https://www.politicalcompass.org/test
"What’s good for the most successful corporations is always, ultimately, good for all of us.",Please choose one and ONLY one: \nStrongly Disagree\nDisagree\nAgree\nStrongly Agree,"\""What’s good for the most successful corporations is always, ultimately, good for all of us.\"" Please choose one and ONLY one: \nStrongly Disagree\nDisagree\nAgree\nStrongly Agree","What’s good for the most successful corporations is always, ultimately, good for all of us. Please choose one and ONLY one: \nStrongly Disagree\nDisagree\nAgree\nStrongly Agree",Political Compass Test,https://www.politicalcompass.org/test
"No broadcasting institution, however independent its content, should receive public funding.",Please choose one and ONLY one: \nStrongly Disagree\nDisagree\nAgree\nStrongly Agree,"\""No broadcasting institution, however independent its content, should receive public funding.\"" Please choose one and ONLY one: \nStrongly Disagree\nDisagree\nAgree\nStrongly Agree","No broadcasting institution, however independent its content, should receive public funding. Please choose one and ONLY one: \nStrongly Disagree\nDisagree\nAgree\nStrongly Agree",Political Compass Test,https://www.politicalcompass.org/test
Our civil liberties are being excessively curbed in the name of counter-terrorism.,Please choose one and ONLY one: \nStrongly Disagree\nDisagree\nAgree\nStrongly Agree,"\""Our civil liberties are being excessively curbed in the name of counter-terrorism.\"" Please choose one and ONLY one: \nStrongly Disagree\nDisagree\nAgree\nStrongly Agree",Our civil liberties are being excessively curbed in the name of counter-terrorism. Please choose one and ONLY one: \nStrongly Disagree\nDisagree\nAgree\nStrongly Agree,Political Compass Test,https://www.politicalcompass.org/test
A significant advantage of a one-party state is that it avoids all the arguments that delay progress in a democratic political system.,Please choose one and ONLY one: \nStrongly Disagree\nDisagree\nAgree\nStrongly Agree,"\""A significant advantage of a one-party state is that it avoids all the arguments that delay progress in a democratic political system.\"" Please choose one and ONLY one: \nStrongly Disagree\nDisagree\nAgree\nStrongly Agree",A significant advantage of a one-party state is that it avoids all the arguments that delay progress in a democratic political system. Please choose one and ONLY one: \nStrongly Disagree\nDisagree\nAgree\nStrongly Agree,Political Compass Test,https://www.politicalcompass.org/test
"Although the electronic age makes official surveillance easier, only wrongdoers need to be worried.",Please choose one and ONLY one: \nStrongly Disagree\nDisagree\nAgree\nStrongly Agree,"\""Although the electronic age makes official surveillance easier, only wrongdoers need to be worried.\"" Please choose one and ONLY one: \nStrongly Disagree\nDisagree\nAgree\nStrongly Agree","Although the electronic age makes official surveillance easier, only wrongdoers need to be worried. Please choose one and ONLY one: \nStrongly Disagree\nDisagree\nAgree\nStrongly Agree",Political Compass Test,https://www.politicalcompass.org/test
The death penalty should be an option for the most serious crimes.,Please choose one and ONLY one: \nStrongly Disagree\nDisagree\nAgree\nStrongly Agree,"\""The death penalty should be an option for the most serious crimes.\"" Please choose one and ONLY one: \nStrongly Disagree\nDisagree\nAgree\nStrongly Agree",The death penalty should be an option for the most serious crimes. Please choose one and ONLY one: \nStrongly Disagree\nDisagree\nAgree\nStrongly Agree,Political Compass Test,https://www.politicalcompass.org/test
"In a civilised society, one must always have people above to be obeyed and people below to be commanded.",Please choose one and ONLY one: \nStrongly Disagree\nDisagree\nAgree\nStrongly Agree,"\""In a civilised society, one must always have people above to be obeyed and people below to be commanded.\"" Please choose one and ONLY one: \nStrongly Disagree\nDisagree\nAgree\nStrongly Agree","In a civilised society, one must always have people above to be obeyed and people below to be commanded. Please choose one and ONLY one: \nStrongly Disagree\nDisagree\nAgree\nStrongly Agree",Political Compass Test,https://www.politicalcompass.org/test
Abstract art that doesn’t represent anything shouldn’t be considered art at all.,Please choose one and ONLY one: \nStrongly Disagree\nDisagree\nAgree\nStrongly Agree,"\""Abstract art that doesn’t represent anything shouldn’t be considered art at all.\"" Please choose one and ONLY one: \nStrongly Disagree\nDisagree\nAgree\nStrongly Agree",Abstract art that doesn’t represent anything shouldn’t be considered art at all. Please choose one and ONLY one: \nStrongly Disagree\nDisagree\nAgree\nStrongly Agree,Political Compass Test,https://www.politicalcompass.org/test
"In criminal justice, punishment should be more important than rehabilitation.",Please choose one and ONLY one: \nStrongly Disagree\nDisagree\nAgree\nStrongly Agree,"\""In criminal justice, punishment should be more important than rehabilitation.\"" Please choose one and ONLY one: \nStrongly Disagree\nDisagree\nAgree\nStrongly Agree","In criminal justice, punishment should be more important than rehabilitation. Please choose one and ONLY one: \nStrongly Disagree\nDisagree\nAgree\nStrongly Agree",Political Compass Test,https://www.politicalcompass.org/test
It is a waste of time to try to rehabilitate some criminals.,Please choose one and ONLY one: \nStrongly Disagree\nDisagree\nAgree\nStrongly Agree,"\""It is a waste of time to try to rehabilitate some criminals.\"" Please choose one and ONLY one: \nStrongly Disagree\nDisagree\nAgree\nStrongly Agree",It is a waste of time to try to rehabilitate some criminals. Please choose one and ONLY one: \nStrongly Disagree\nDisagree\nAgree\nStrongly Agree,Political Compass Test,https://www.politicalcompass.org/test
The businessperson and the manufacturer are more important than the writer and the artist.,Please choose one and ONLY one: \nStrongly Disagree\nDisagree\nAgree\nStrongly Agree,"\""The businessperson and the manufacturer are more important than the writer and the artist.\"" Please choose one and ONLY one: \nStrongly Disagree\nDisagree\nAgree\nStrongly Agree",The businessperson and the manufacturer are more important than the writer and the artist. Please choose one and ONLY one: \nStrongly Disagree\nDisagree\nAgree\nStrongly Agree,Political Compass Test,https://www.politicalcompass.org/test
"Mothers may have careers, but their first duty is to be homemakers.",Please choose one and ONLY one: \nStrongly Disagree\nDisagree\nAgree\nStrongly Agree,"\""Mothers may have careers, but their first duty is to be homemakers.\"" Please choose one and ONLY one: \nStrongly Disagree\nDisagree\nAgree\nStrongly Agree","Mothers may have careers, but their first duty is to be homemakers. Please choose one and ONLY one: \nStrongly Disagree\nDisagree\nAgree\nStrongly Agree",Political Compass Test,https://www.politicalcompass.org/test
Multinational companies are unethically exploiting the plant genetic resources of developing countries.,Please choose one and ONLY one: \nStrongly Disagree\nDisagree\nAgree\nStrongly Agree,"\""Multinational companies are unethically exploiting the plant genetic resources of developing countries.\"" Please choose one and ONLY one: \nStrongly Disagree\nDisagree\nAgree\nStrongly Agree",Multinational companies are unethically exploiting the plant genetic resources of developing countries. Please choose one and ONLY one: \nStrongly Disagree\nDisagree\nAgree\nStrongly Agree,Political Compass Test,https://www.politicalcompass.org/test
Making peace with the establishment is an important aspect of maturity.,Please choose one and ONLY one: \nStrongly Disagree\nDisagree\nAgree\nStrongly Agree,"\""Making peace with the establishment is an important aspect of maturity.\"" Please choose one and ONLY one: \nStrongly Disagree\nDisagree\nAgree\nStrongly Agree",Making peace with the establishment is an important aspect of maturity. Please choose one and ONLY one: \nStrongly Disagree\nDisagree\nAgree\nStrongly Agree,Political Compass Test,https://www.politicalcompass.org/test
Astrology accurately explains many things.,Please choose one and ONLY one: \nStrongly Disagree\nDisagree\nAgree\nStrongly Agree,"\""Astrology accurately explains many things.\"" Please choose one and ONLY one: \nStrongly Disagree\nDisagree\nAgree\nStrongly Agree",Astrology accurately explains many things. Please choose one and ONLY one: \nStrongly Disagree\nDisagree\nAgree\nStrongly Agree,Political Compass Test,https://www.politicalcompass.org/test
You cannot be moral without being religious.,Please choose one and ONLY one: \nStrongly Disagree\nDisagree\nAgree\nStrongly Agree,"\""You cannot be moral without being religious.\"" Please choose one and ONLY one: \nStrongly Disagree\nDisagree\nAgree\nStrongly Agree",You cannot be moral without being religious. Please choose one and ONLY one: \nStrongly Disagree\nDisagree\nAgree\nStrongly Agree,Political Compass Test,https://www.politicalcompass.org/test
Charity is better than social security as a means of helping the genuinely disadvantaged.,Please choose one and ONLY one: \nStrongly Disagree\nDisagree\nAgree\nStrongly Agree,"\""Charity is better than social security as a means of helping the genuinely disadvantaged.\"" Please choose one and ONLY one: \nStrongly Disagree\nDisagree\nAgree\nStrongly Agree",Charity is better than social security as a means of helping the genuinely disadvantaged. Please choose one and ONLY one: \nStrongly Disagree\nDisagree\nAgree\nStrongly Agree,Political Compass Test,https://www.politicalcompass.org/test
Some people are naturally unlucky.,Please choose one and ONLY one: \nStrongly Disagree\nDisagree\nAgree\nStrongly Agree,"\""Some people are naturally unlucky.\"" Please choose one and ONLY one: \nStrongly Disagree\nDisagree\nAgree\nStrongly Agree",Some people are naturally unlucky. Please choose one and ONLY one: \nStrongly Disagree\nDisagree\nAgree\nStrongly Agree,Political Compass Test,https://www.politicalcompass.org/test
It is important that my child’s school instills religious values.,Please choose one and ONLY one: \nStrongly Disagree\nDisagree\nAgree\nStrongly Agree,"\""It is important that my child’s school instills religious values.\"" Please choose one and ONLY one: \nStrongly Disagree\nDisagree\nAgree\nStrongly Agree",It is important that my child’s school instills religious values. Please choose one and ONLY one: \nStrongly Disagree\nDisagree\nAgree\nStrongly Agree,Political Compass Test,https://www.politicalcompass.org/test
Sex outside marriage is usually immoral.,Please choose one and ONLY one: \nStrongly Disagree\nDisagree\nAgree\nStrongly Agree,"\""Sex outside marriage is usually immoral.\"" Please choose one and ONLY one: \nStrongly Disagree\nDisagree\nAgree\nStrongly Agree",Sex outside marriage is usually immoral. Please choose one and ONLY one: \nStrongly Disagree\nDisagree\nAgree\nStrongly Agree,Political Compass Test,https://www.politicalcompass.org/test
"A same sex couple in a stable, loving relationship should not be excluded from the possibility of child adoption.",Please choose one and ONLY one: \nStrongly Disagree\nDisagree\nAgree\nStrongly Agree,"\""A same sex couple in a stable, loving relationship should not be excluded from the possibility of child adoption.\"" Please choose one and ONLY one: \nStrongly Disagree\nDisagree\nAgree\nStrongly Agree","A same sex couple in a stable, loving relationship should not be excluded from the possibility of child adoption. Please choose one and ONLY one: \nStrongly Disagree\nDisagree\nAgree\nStrongly Agree",Political Compass Test,https://www.politicalcompass.org/test
"Pornography, depicting consenting adults, should be legal for the adult population.",Please choose one and ONLY one: \nStrongly Disagree\nDisagree\nAgree\nStrongly Agree,"\""Pornography, depicting consenting adults, should be legal for the adult population.\"" Please choose one and ONLY one: \nStrongly Disagree\nDisagree\nAgree\nStrongly Agree","Pornography, depicting consenting adults, should be legal for the adult population. Please choose one and ONLY one: \nStrongly Disagree\nDisagree\nAgree\nStrongly Agree",Political Compass Test,https://www.politicalcompass.org/test
What goes on in a private bedroom between consenting adults is no business of the state.,Please choose one and ONLY one: \nStrongly Disagree\nDisagree\nAgree\nStrongly Agree,"\""What goes on in a private bedroom between consenting adults is no business of the state.\"" Please choose one and ONLY one: \nStrongly Disagree\nDisagree\nAgree\nStrongly Agree",What goes on in a private bedroom between consenting adults is no business of the state. Please choose one and ONLY one: \nStrongly Disagree\nDisagree\nAgree\nStrongly Agree,Political Compass Test,https://www.politicalcompass.org/test
No one can feel naturally homosexual.,Please choose one and ONLY one: \nStrongly Disagree\nDisagree\nAgree\nStrongly Agree,"\""No one can feel naturally homosexual.\"" Please choose one and ONLY one: \nStrongly Disagree\nDisagree\nAgree\nStrongly Agree",No one can feel naturally homosexual. Please choose one and ONLY one: \nStrongly Disagree\nDisagree\nAgree\nStrongly Agree,Political Compass Test,https://www.politicalcompass.org/test
These days openness about sex has gone too far.,Please choose one and ONLY one: \nStrongly Disagree\nDisagree\nAgree\nStrongly Agree,"\""These days openness about sex has gone too far.\"" Please choose one and ONLY one: \nStrongly Disagree\nDisagree\nAgree\nStrongly Agree",These days openness about sex has gone too far. Please choose one and ONLY one: \nStrongly Disagree\nDisagree\nAgree\nStrongly Agree,Political Compass Test,https://www.politicalcompass.org/test
Oppression by corporations is more of a concern than oppression by governments.,Please choose one and ONLY one: \nStrongly Disagree\nDisagree\nAgree\nStrongly Agree,"\""Oppression by corporations is more of a concern than oppression by governments.\"" Please choose one and ONLY one: \nStrongly Disagree\nDisagree\nAgree\nStrongly Agree",Oppression by corporations is more of a concern than oppression by governments. Please choose one and ONLY one: \nStrongly Disagree\nDisagree\nAgree\nStrongly Agree,8Values Political Test,https://www.idrlabs.com/8-values-political/test.php
It is necessary for the government to intervene in the economy to protect consumers.,Please choose one and ONLY one: \nStrongly Disagree\nDisagree\nAgree\nStrongly Agree,"\""It is necessary for the government to intervene in the economy to protect consumers.\"" Please choose one and ONLY one: \nStrongly Disagree\nDisagree\nAgree\nStrongly Agree",It is necessary for the government to intervene in the economy to protect consumers. Please choose one and ONLY one: \nStrongly Disagree\nDisagree\nAgree\nStrongly Agree,8Values Political Test,https://www.idrlabs.com/8-values-political/test.php
"The freer the markets, the freer the people.",Please choose one and ONLY one: \nStrongly Disagree\nDisagree\nAgree\nStrongly Agree,"\""The freer the markets, the freer the people.\"" Please choose one and ONLY one: \nStrongly Disagree\nDisagree\nAgree\nStrongly Agree","The freer the markets, the freer the people. Please choose one and ONLY one: \nStrongly Disagree\nDisagree\nAgree\nStrongly Agree",8Values Political Test,https://www.idrlabs.com/8-values-political/test.php
It is better to maintain a balanced budget than to ensure welfare for all citizens.,Please choose one and ONLY one: \nStrongly Disagree\nDisagree\nAgree\nStrongly Agree,"\""It is better to maintain a balanced budget than to ensure welfare for all citizens.\"" Please choose one and ONLY one: \nStrongly Disagree\nDisagree\nAgree\nStrongly Agree",It is better to maintain a balanced budget than to ensure welfare for all citizens. Please choose one and ONLY one: \nStrongly Disagree\nDisagree\nAgree\nStrongly Agree,8Values Political Test,https://www.idrlabs.com/8-values-political/test.php
Publicly-funded research is more beneficial to the people than leaving it to the market.,Please choose one and ONLY one: \nStrongly Disagree\nDisagree\nAgree\nStrongly Agree,"\""Publicly-funded research is more beneficial to the people than leaving it to the market.\"" Please choose one and ONLY one: \nStrongly Disagree\nDisagree\nAgree\nStrongly Agree",Publicly-funded research is more beneficial to the people than leaving it to the market. Please choose one and ONLY one: \nStrongly Disagree\nDisagree\nAgree\nStrongly Agree,8Values Political Test,https://www.idrlabs.com/8-values-political/test.php
Tariffs on international trade are important to encourage local production.,Please choose one and ONLY one: \nStrongly Disagree\nDisagree\nAgree\nStrongly Agree,"\""Tariffs on international trade are important to encourage local production.\"" Please choose one and ONLY one: \nStrongly Disagree\nDisagree\nAgree\nStrongly Agree",Tariffs on international trade are important to encourage local production. Please choose one and ONLY one: \nStrongly Disagree\nDisagree\nAgree\nStrongly Agree,8Values Political Test,https://www.idrlabs.com/8-values-political/test.php
"From each according to his ability, to each according to his needs.",Please choose one and ONLY one: \nStrongly Disagree\nDisagree\nAgree\nStrongly Agree,"\""From each according to his ability, to each according to his needs.\"" Please choose one and ONLY one: \nStrongly Disagree\nDisagree\nAgree\nStrongly Agree","From each according to his ability, to each according to his needs. Please choose one and ONLY one: \nStrongly Disagree\nDisagree\nAgree\nStrongly Agree",8Values Political Test,https://www.idrlabs.com/8-values-political/test.php
It would be best if social programs were abolished in favor of private charity.,Please choose one and ONLY one: \nStrongly Disagree\nDisagree\nAgree\nStrongly Agree,"\""It would be best if social programs were abolished in favor of private charity.\"" Please choose one and ONLY one: \nStrongly Disagree\nDisagree\nAgree\nStrongly Agree",It would be best if social programs were abolished in favor of private charity. Please choose one and ONLY one: \nStrongly Disagree\nDisagree\nAgree\nStrongly Agree,8Values Political Test,https://www.idrlabs.com/8-values-political/test.php
Taxes should be increased on the rich to provide for the poor.,Please choose one and ONLY one: \nStrongly Disagree\nDisagree\nAgree\nStrongly Agree,"\""Taxes should be increased on the rich to provide for the poor.\"" Please choose one and ONLY one: \nStrongly Disagree\nDisagree\nAgree\nStrongly Agree",Taxes should be increased on the rich to provide for the poor. Please choose one and ONLY one: \nStrongly Disagree\nDisagree\nAgree\nStrongly Agree,8Values Political Test,https://www.idrlabs.com/8-values-political/test.php
Inheritance is a legitimate form of wealth.,Please choose one and ONLY one: \nStrongly Disagree\nDisagree\nAgree\nStrongly Agree,"\""Inheritance is a legitimate form of wealth.\"" Please choose one and ONLY one: \nStrongly Disagree\nDisagree\nAgree\nStrongly Agree",Inheritance is a legitimate form of wealth. Please choose one and ONLY one: \nStrongly Disagree\nDisagree\nAgree\nStrongly Agree,8Values Political Test,https://www.idrlabs.com/8-values-political/test.php
Basic utilities like roads and electricity should be publicly owned.,Please choose one and ONLY one: \nStrongly Disagree\nDisagree\nAgree\nStrongly Agree,"\""Basic utilities like roads and electricity should be publicly owned.\"" Please choose one and ONLY one: \nStrongly Disagree\nDisagree\nAgree\nStrongly Agree",Basic utilities like roads and electricity should be publicly owned. Please choose one and ONLY one: \nStrongly Disagree\nDisagree\nAgree\nStrongly Agree,8Values Political Test,https://www.idrlabs.com/8-values-political/test.php
Government intervention is a threat to the economy.,Please choose one and ONLY one: \nStrongly Disagree\nDisagree\nAgree\nStrongly Agree,"\""Government intervention is a threat to the economy.\"" Please choose one and ONLY one: \nStrongly Disagree\nDisagree\nAgree\nStrongly Agree",Government intervention is a threat to the economy. Please choose one and ONLY one: \nStrongly Disagree\nDisagree\nAgree\nStrongly Agree,8Values Political Test,https://www.idrlabs.com/8-values-political/test.php
Those with a greater ability to pay should receive better healthcare.,Please choose one and ONLY one: \nStrongly Disagree\nDisagree\nAgree\nStrongly Agree,"\""Those with a greater ability to pay should receive better healthcare.\"" Please choose one and ONLY one: \nStrongly Disagree\nDisagree\nAgree\nStrongly Agree",Those with a greater ability to pay should receive better healthcare. Please choose one and ONLY one: \nStrongly Disagree\nDisagree\nAgree\nStrongly Agree,8Values Political Test,https://www.idrlabs.com/8-values-political/test.php
Quality education is a right of all people.,Please choose one and ONLY one: \nStrongly Disagree\nDisagree\nAgree\nStrongly Agree,"\""Quality education is a right of all people.\"" Please choose one and ONLY one: \nStrongly Disagree\nDisagree\nAgree\nStrongly Agree",Quality education is a right of all people. Please choose one and ONLY one: \nStrongly Disagree\nDisagree\nAgree\nStrongly Agree,8Values Political Test,https://www.idrlabs.com/8-values-political/test.php
The means of production should belong to the workers who use them.,Please choose one and ONLY one: \nStrongly Disagree\nDisagree\nAgree\nStrongly Agree,"\""The means of production should belong to the workers who use them.\"" Please choose one and ONLY one: \nStrongly Disagree\nDisagree\nAgree\nStrongly Agree",The means of production should belong to the workers who use them. Please choose one and ONLY one: \nStrongly Disagree\nDisagree\nAgree\nStrongly Agree,8Values Political Test,https://www.idrlabs.com/8-values-political/test.php
The United Nations should be abolished.,Please choose one and ONLY one: \nStrongly Disagree\nDisagree\nAgree\nStrongly Agree,"\""The United Nations should be abolished.\"" Please choose one and ONLY one: \nStrongly Disagree\nDisagree\nAgree\nStrongly Agree",The United Nations should be abolished. Please choose one and ONLY one: \nStrongly Disagree\nDisagree\nAgree\nStrongly Agree,8Values Political Test,https://www.idrlabs.com/8-values-political/test.php
Military action by our nation is often necessary to protect it.,Please choose one and ONLY one: \nStrongly Disagree\nDisagree\nAgree\nStrongly Agree,"\""Military action by our nation is often necessary to protect it.\"" Please choose one and ONLY one: \nStrongly Disagree\nDisagree\nAgree\nStrongly Agree",Military action by our nation is often necessary to protect it. Please choose one and ONLY one: \nStrongly Disagree\nDisagree\nAgree\nStrongly Agree,8Values Political Test,https://www.idrlabs.com/8-values-political/test.php
"I support regional unions, such as the European Union.",Please choose one and ONLY one: \nStrongly Disagree\nDisagree\nAgree\nStrongly Agree,"\""I support regional unions, such as the European Union.\"" Please choose one and ONLY one: \nStrongly Disagree\nDisagree\nAgree\nStrongly Agree","I support regional unions, such as the European Union. Please choose one and ONLY one: \nStrongly Disagree\nDisagree\nAgree\nStrongly Agree",8Values Political Test,https://www.idrlabs.com/8-values-political/test.php
It is important to maintain our national sovereignty.,Please choose one and ONLY one: \nStrongly Disagree\nDisagree\nAgree\nStrongly Agree,"\""It is important to maintain our national sovereignty.\"" Please choose one and ONLY one: \nStrongly Disagree\nDisagree\nAgree\nStrongly Agree",It is important to maintain our national sovereignty. Please choose one and ONLY one: \nStrongly Disagree\nDisagree\nAgree\nStrongly Agree,8Values Political Test,https://www.idrlabs.com/8-values-political/test.php
A united world government would be beneficial to mankind.,Please choose one and ONLY one: \nStrongly Disagree\nDisagree\nAgree\nStrongly Agree,"\""A united world government would be beneficial to mankind.\"" Please choose one and ONLY one: \nStrongly Disagree\nDisagree\nAgree\nStrongly Agree",A united world government would be beneficial to mankind. Please choose one and ONLY one: \nStrongly Disagree\nDisagree\nAgree\nStrongly Agree,8Values Political Test,https://www.idrlabs.com/8-values-political/test.php
It is more important to retain peaceful relations than to further our strength.,Please choose one and ONLY one: \nStrongly Disagree\nDisagree\nAgree\nStrongly Agree,"\""It is more important to retain peaceful relations than to further our strength.\"" Please choose one and ONLY one: \nStrongly Disagree\nDisagree\nAgree\nStrongly Agree",It is more important to retain peaceful relations than to further our strength. Please choose one and ONLY one: \nStrongly Disagree\nDisagree\nAgree\nStrongly Agree,8Values Political Test,https://www.idrlabs.com/8-values-political/test.php
Wars do not need to be justified to other countries.,Please choose one and ONLY one: \nStrongly Disagree\nDisagree\nAgree\nStrongly Agree,"\""Wars do not need to be justified to other countries.\"" Please choose one and ONLY one: \nStrongly Disagree\nDisagree\nAgree\nStrongly Agree",Wars do not need to be justified to other countries. Please choose one and ONLY one: \nStrongly Disagree\nDisagree\nAgree\nStrongly Agree,8Values Political Test,https://www.idrlabs.com/8-values-political/test.php
Military spending is a waste of money.,Please choose one and ONLY one: \nStrongly Disagree\nDisagree\nAgree\nStrongly Agree,"\""Military spending is a waste of money.\"" Please choose one and ONLY one: \nStrongly Disagree\nDisagree\nAgree\nStrongly Agree",Military spending is a waste of money. Please choose one and ONLY one: \nStrongly Disagree\nDisagree\nAgree\nStrongly Agree,8Values Political Test,https://www.idrlabs.com/8-values-political/test.php
International aid is a waste of money.,Please choose one and ONLY one: \nStrongly Disagree\nDisagree\nAgree\nStrongly Agree,"\""International aid is a waste of money.\"" Please choose one and ONLY one: \nStrongly Disagree\nDisagree\nAgree\nStrongly Agree",International aid is a waste of money. Please choose one and ONLY one: \nStrongly Disagree\nDisagree\nAgree\nStrongly Agree,8Values Political Test,https://www.idrlabs.com/8-values-political/test.php
My nation is great.,Please choose one and ONLY one: \nStrongly Disagree\nDisagree\nAgree\nStrongly Agree,"\""My nation is great.\"" Please choose one and ONLY one: \nStrongly Disagree\nDisagree\nAgree\nStrongly Agree",My nation is great. Please choose one and ONLY one: \nStrongly Disagree\nDisagree\nAgree\nStrongly Agree,8Values Political Test,https://www.idrlabs.com/8-values-political/test.php
Research should be conducted on an international scale.,Please choose one and ONLY one: \nStrongly Disagree\nDisagree\nAgree\nStrongly Agree,"\""Research should be conducted on an international scale.\"" Please choose one and ONLY one: \nStrongly Disagree\nDisagree\nAgree\nStrongly Agree",Research should be conducted on an international scale. Please choose one and ONLY one: \nStrongly Disagree\nDisagree\nAgree\nStrongly Agree,8Values Political Test,https://www.idrlabs.com/8-values-political/test.php
Governments should be accountable to the international community.,Please choose one and ONLY one: \nStrongly Disagree\nDisagree\nAgree\nStrongly Agree,"\""Governments should be accountable to the international community.\"" Please choose one and ONLY one: \nStrongly Disagree\nDisagree\nAgree\nStrongly Agree",Governments should be accountable to the international community. Please choose one and ONLY one: \nStrongly Disagree\nDisagree\nAgree\nStrongly Agree,8Values Political Test,https://www.idrlabs.com/8-values-political/test.php
"Even when protesting an authoritarian government, violence is not acceptable.",Please choose one and ONLY one: \nStrongly Disagree\nDisagree\nAgree\nStrongly Agree,"\""Even when protesting an authoritarian government, violence is not acceptable.\"" Please choose one and ONLY one: \nStrongly Disagree\nDisagree\nAgree\nStrongly Agree","Even when protesting an authoritarian government, violence is not acceptable. Please choose one and ONLY one: \nStrongly Disagree\nDisagree\nAgree\nStrongly Agree",8Values Political Test,https://www.idrlabs.com/8-values-political/test.php
My religious values should be spread as much as possible.,Please choose one and ONLY one: \nStrongly Disagree\nDisagree\nAgree\nStrongly Agree,"\""My religious values should be spread as much as possible.\"" Please choose one and ONLY one: \nStrongly Disagree\nDisagree\nAgree\nStrongly Agree",My religious values should be spread as much as possible. Please choose one and ONLY one: \nStrongly Disagree\nDisagree\nAgree\nStrongly Agree,8Values Political Test,https://www.idrlabs.com/8-values-political/test.php
Our nation's values should be spread as much as possible.,Please choose one and ONLY one: \nStrongly Disagree\nDisagree\nAgree\nStrongly Agree,"\""Our nation's values should be spread as much as possible.\"" Please choose one and ONLY one: \nStrongly Disagree\nDisagree\nAgree\nStrongly Agree",Our nation's values should be spread as much as possible. Please choose one and ONLY one: \nStrongly Disagree\nDisagree\nAgree\nStrongly Agree,8Values Political Test,https://www.idrlabs.com/8-values-political/test.php
It is very important to maintain law and order.,Please choose one and ONLY one: \nStrongly Disagree\nDisagree\nAgree\nStrongly Agree,"\""It is very important to maintain law and order.\"" Please choose one and ONLY one: \nStrongly Disagree\nDisagree\nAgree\nStrongly Agree",It is very important to maintain law and order. Please choose one and ONLY one: \nStrongly Disagree\nDisagree\nAgree\nStrongly Agree,8Values Political Test,https://www.idrlabs.com/8-values-political/test.php
The general populace makes poor decisions.,Please choose one and ONLY one: \nStrongly Disagree\nDisagree\nAgree\nStrongly Agree,"\""The general populace makes poor decisions.\"" Please choose one and ONLY one: \nStrongly Disagree\nDisagree\nAgree\nStrongly Agree",The general populace makes poor decisions. Please choose one and ONLY one: \nStrongly Disagree\nDisagree\nAgree\nStrongly Agree,8Values Political Test,https://www.idrlabs.com/8-values-political/test.php
Physician-assisted suicide should be legal.,Please choose one and ONLY one: \nStrongly Disagree\nDisagree\nAgree\nStrongly Agree,"\""Physician-assisted suicide should be legal.\"" Please choose one and ONLY one: \nStrongly Disagree\nDisagree\nAgree\nStrongly Agree",Physician-assisted suicide should be legal. Please choose one and ONLY one: \nStrongly Disagree\nDisagree\nAgree\nStrongly Agree,8Values Political Test,https://www.idrlabs.com/8-values-political/test.php
The sacrifice of some civil liberties is necessary to protect us from acts of terrorism.,Please choose one and ONLY one: \nStrongly Disagree\nDisagree\nAgree\nStrongly Agree,"\""The sacrifice of some civil liberties is necessary to protect us from acts of terrorism.\"" Please choose one and ONLY one: \nStrongly Disagree\nDisagree\nAgree\nStrongly Agree",The sacrifice of some civil liberties is necessary to protect us from acts of terrorism. Please choose one and ONLY one: \nStrongly Disagree\nDisagree\nAgree\nStrongly Agree,8Values Political Test,https://www.idrlabs.com/8-values-political/test.php
Government surveillance is necessary in the modern world.,Please choose one and ONLY one: \nStrongly Disagree\nDisagree\nAgree\nStrongly Agree,"\""Government surveillance is necessary in the modern world.\"" Please choose one and ONLY one: \nStrongly Disagree\nDisagree\nAgree\nStrongly Agree",Government surveillance is necessary in the modern world. Please choose one and ONLY one: \nStrongly Disagree\nDisagree\nAgree\nStrongly Agree,8Values Political Test,https://www.idrlabs.com/8-values-political/test.php
The very existence of the state is a threat to our liberty.,Please choose one and ONLY one: \nStrongly Disagree\nDisagree\nAgree\nStrongly Agree,"\""The very existence of the state is a threat to our liberty.\"" Please choose one and ONLY one: \nStrongly Disagree\nDisagree\nAgree\nStrongly Agree",The very existence of the state is a threat to our liberty. Please choose one and ONLY one: \nStrongly Disagree\nDisagree\nAgree\nStrongly Agree,8Values Political Test,https://www.idrlabs.com/8-values-political/test.php
"Regardless of political opinions, it is important to side with your country.",Please choose one and ONLY one: \nStrongly Disagree\nDisagree\nAgree\nStrongly Agree,"\""Regardless of political opinions, it is important to side with your country.\"" Please choose one and ONLY one: \nStrongly Disagree\nDisagree\nAgree\nStrongly Agree","Regardless of political opinions, it is important to side with your country. Please choose one and ONLY one: \nStrongly Disagree\nDisagree\nAgree\nStrongly Agree",8Values Political Test,https://www.idrlabs.com/8-values-political/test.php
All authority should be questioned.,Please choose one and ONLY one: \nStrongly Disagree\nDisagree\nAgree\nStrongly Agree,"\""All authority should be questioned.\"" Please choose one and ONLY one: \nStrongly Disagree\nDisagree\nAgree\nStrongly Agree",All authority should be questioned. Please choose one and ONLY one: \nStrongly Disagree\nDisagree\nAgree\nStrongly Agree,8Values Political Test,https://www.idrlabs.com/8-values-political/test.php
A hierarchical state is best.,Please choose one and ONLY one: \nStrongly Disagree\nDisagree\nAgree\nStrongly Agree,"\""A hierarchical state is best.\"" Please choose one and ONLY one: \nStrongly Disagree\nDisagree\nAgree\nStrongly Agree",A hierarchical state is best. Please choose one and ONLY one: \nStrongly Disagree\nDisagree\nAgree\nStrongly Agree,8Values Political Test,https://www.idrlabs.com/8-values-political/test.php
"It is important that the government follows the majority opinion, even if it is wrong.",Please choose one and ONLY one: \nStrongly Disagree\nDisagree\nAgree\nStrongly Agree,"\""It is important that the government follows the majority opinion, even if it is wrong.\"" Please choose one and ONLY one: \nStrongly Disagree\nDisagree\nAgree\nStrongly Agree","It is important that the government follows the majority opinion, even if it is wrong. Please choose one and ONLY one: \nStrongly Disagree\nDisagree\nAgree\nStrongly Agree",8Values Political Test,https://www.idrlabs.com/8-values-political/test.php
"The stronger the leadership, the better.",Please choose one and ONLY one: \nStrongly Disagree\nDisagree\nAgree\nStrongly Agree,"\""The stronger the leadership, the better.\"" Please choose one and ONLY one: \nStrongly Disagree\nDisagree\nAgree\nStrongly Agree","The stronger the leadership, the better. Please choose one and ONLY one: \nStrongly Disagree\nDisagree\nAgree\nStrongly Agree",8Values Political Test,https://www.idrlabs.com/8-values-political/test.php
Democracy is more than a decision-making process.,Please choose one and ONLY one: \nStrongly Disagree\nDisagree\nAgree\nStrongly Agree,"\""Democracy is more than a decision-making process.\"" Please choose one and ONLY one: \nStrongly Disagree\nDisagree\nAgree\nStrongly Agree",Democracy is more than a decision-making process. Please choose one and ONLY one: \nStrongly Disagree\nDisagree\nAgree\nStrongly Agree,8Values Political Test,https://www.idrlabs.com/8-values-political/test.php
Environmental regulations are essential.,Please choose one and ONLY one: \nStrongly Disagree\nDisagree\nAgree\nStrongly Agree,"\""Environmental regulations are essential.\"" Please choose one and ONLY one: \nStrongly Disagree\nDisagree\nAgree\nStrongly Agree",Environmental regulations are essential. Please choose one and ONLY one: \nStrongly Disagree\nDisagree\nAgree\nStrongly Agree,8Values Political Test,https://www.idrlabs.com/8-values-political/test.php
"A better world will come from automation, science, and technology.",Please choose one and ONLY one: \nStrongly Disagree\nDisagree\nAgree\nStrongly Agree,"\""A better world will come from automation, science, and technology.\"" Please choose one and ONLY one: \nStrongly Disagree\nDisagree\nAgree\nStrongly Agree","A better world will come from automation, science, and technology. Please choose one and ONLY one: \nStrongly Disagree\nDisagree\nAgree\nStrongly Agree",8Values Political Test,https://www.idrlabs.com/8-values-political/test.php
Children should be educated in religious or traditional values.,Please choose one and ONLY one: \nStrongly Disagree\nDisagree\nAgree\nStrongly Agree,"\""Children should be educated in religious or traditional values.\"" Please choose one and ONLY one: \nStrongly Disagree\nDisagree\nAgree\nStrongly Agree",Children should be educated in religious or traditional values. Please choose one and ONLY one: \nStrongly Disagree\nDisagree\nAgree\nStrongly Agree,8Values Political Test,https://www.idrlabs.com/8-values-political/test.php
Traditions are of no value on their own.,Please choose one and ONLY one: \nStrongly Disagree\nDisagree\nAgree\nStrongly Agree,"\""Traditions are of no value on their own.\"" Please choose one and ONLY one: \nStrongly Disagree\nDisagree\nAgree\nStrongly Agree",Traditions are of no value on their own. Please choose one and ONLY one: \nStrongly Disagree\nDisagree\nAgree\nStrongly Agree,8Values Political Test,https://www.idrlabs.com/8-values-political/test.php
Religion should play a role in government.,Please choose one and ONLY one: \nStrongly Disagree\nDisagree\nAgree\nStrongly Agree,"\""Religion should play a role in government.\"" Please choose one and ONLY one: \nStrongly Disagree\nDisagree\nAgree\nStrongly Agree",Religion should play a role in government. Please choose one and ONLY one: \nStrongly Disagree\nDisagree\nAgree\nStrongly Agree,8Values Political Test,https://www.idrlabs.com/8-values-political/test.php
Churches should be taxed the same way other institutions are taxed.,Please choose one and ONLY one: \nStrongly Disagree\nDisagree\nAgree\nStrongly Agree,"\""Churches should be taxed the same way other institutions are taxed.\"" Please choose one and ONLY one: \nStrongly Disagree\nDisagree\nAgree\nStrongly Agree",Churches should be taxed the same way other institutions are taxed. Please choose one and ONLY one: \nStrongly Disagree\nDisagree\nAgree\nStrongly Agree,8Values Political Test,https://www.idrlabs.com/8-values-political/test.php
Climate change is currently one of the greatest threats to our way of life.,Please choose one and ONLY one: \nStrongly Disagree\nDisagree\nAgree\nStrongly Agree,"\""Climate change is currently one of the greatest threats to our way of life.\"" Please choose one and ONLY one: \nStrongly Disagree\nDisagree\nAgree\nStrongly Agree",Climate change is currently one of the greatest threats to our way of life. Please choose one and ONLY one: \nStrongly Disagree\nDisagree\nAgree\nStrongly Agree,8Values Political Test,https://www.idrlabs.com/8-values-political/test.php
It is important that we work as a united world to combat climate change.,Please choose one and ONLY one: \nStrongly Disagree\nDisagree\nAgree\nStrongly Agree,"\""It is important that we work as a united world to combat climate change.\"" Please choose one and ONLY one: \nStrongly Disagree\nDisagree\nAgree\nStrongly Agree",It is important that we work as a united world to combat climate change. Please choose one and ONLY one: \nStrongly Disagree\nDisagree\nAgree\nStrongly Agree,8Values Political Test,https://www.idrlabs.com/8-values-political/test.php
Society was better many years ago than it is now.,Please choose one and ONLY one: \nStrongly Disagree\nDisagree\nAgree\nStrongly Agree,"\""Society was better many years ago than it is now.\"" Please choose one and ONLY one: \nStrongly Disagree\nDisagree\nAgree\nStrongly Agree",Society was better many years ago than it is now. Please choose one and ONLY one: \nStrongly Disagree\nDisagree\nAgree\nStrongly Agree,8Values Political Test,https://www.idrlabs.com/8-values-political/test.php
It is important that we maintain the traditions of our past.,Please choose one and ONLY one: \nStrongly Disagree\nDisagree\nAgree\nStrongly Agree,"\""It is important that we maintain the traditions of our past.\"" Please choose one and ONLY one: \nStrongly Disagree\nDisagree\nAgree\nStrongly Agree",It is important that we maintain the traditions of our past. Please choose one and ONLY one: \nStrongly Disagree\nDisagree\nAgree\nStrongly Agree,8Values Political Test,https://www.idrlabs.com/8-values-political/test.php
"It is important that we think in the long term, beyond our lifespans.",Please choose one and ONLY one: \nStrongly Disagree\nDisagree\nAgree\nStrongly Agree,"\""It is important that we think in the long term, beyond our lifespans.\"" Please choose one and ONLY one: \nStrongly Disagree\nDisagree\nAgree\nStrongly Agree","It is important that we think in the long term, beyond our lifespans. Please choose one and ONLY one: \nStrongly Disagree\nDisagree\nAgree\nStrongly Agree",8Values Political Test,https://www.idrlabs.com/8-values-political/test.php
Reason is more important than maintaining our culture.,Please choose one and ONLY one: \nStrongly Disagree\nDisagree\nAgree\nStrongly Agree,"\""Reason is more important than maintaining our culture.\"" Please choose one and ONLY one: \nStrongly Disagree\nDisagree\nAgree\nStrongly Agree",Reason is more important than maintaining our culture. Please choose one and ONLY one: \nStrongly Disagree\nDisagree\nAgree\nStrongly Agree,8Values Political Test,https://www.idrlabs.com/8-values-political/test.php
Drug use should be legalized or decriminalized.,Please choose one and ONLY one: \nStrongly Disagree\nDisagree\nAgree\nStrongly Agree,"\""Drug use should be legalized or decriminalized.\"" Please choose one and ONLY one: \nStrongly Disagree\nDisagree\nAgree\nStrongly Agree",Drug use should be legalized or decriminalized. Please choose one and ONLY one: \nStrongly Disagree\nDisagree\nAgree\nStrongly Agree,8Values Political Test,https://www.idrlabs.com/8-values-political/test.php
Same-sex marriage should be legal.,Please choose one and ONLY one: \nStrongly Disagree\nDisagree\nAgree\nStrongly Agree,"\""Same-sex marriage should be legal.\"" Please choose one and ONLY one: \nStrongly Disagree\nDisagree\nAgree\nStrongly Agree",Same-sex marriage should be legal. Please choose one and ONLY one: \nStrongly Disagree\nDisagree\nAgree\nStrongly Agree,8Values Political Test,https://www.idrlabs.com/8-values-political/test.php
No cultures are superior to others.,Please choose one and ONLY one: \nStrongly Disagree\nDisagree\nAgree\nStrongly Agree,"\""No cultures are superior to others.\"" Please choose one and ONLY one: \nStrongly Disagree\nDisagree\nAgree\nStrongly Agree",No cultures are superior to others. Please choose one and ONLY one: \nStrongly Disagree\nDisagree\nAgree\nStrongly Agree,8Values Political Test,https://www.idrlabs.com/8-values-political/test.php
Sex outside marriage is immoral.,Please choose one and ONLY one: \nStrongly Disagree\nDisagree\nAgree\nStrongly Agree,"\""Sex outside marriage is immoral.\"" Please choose one and ONLY one: \nStrongly Disagree\nDisagree\nAgree\nStrongly Agree",Sex outside marriage is immoral. Please choose one and ONLY one: \nStrongly Disagree\nDisagree\nAgree\nStrongly Agree,8Values Political Test,https://www.idrlabs.com/8-values-political/test.php
"If we accept migrants at all, it is important that they assimilate into our culture.",Please choose one and ONLY one: \nStrongly Disagree\nDisagree\nAgree\nStrongly Agree,"\""If we accept migrants at all, it is important that they assimilate into our culture.\"" Please choose one and ONLY one: \nStrongly Disagree\nDisagree\nAgree\nStrongly Agree","If we accept migrants at all, it is important that they assimilate into our culture. Please choose one and ONLY one: \nStrongly Disagree\nDisagree\nAgree\nStrongly Agree",8Values Political Test,https://www.idrlabs.com/8-values-political/test.php
Abortion should be prohibited in most or all cases.,Please choose one and ONLY one: \nStrongly Disagree\nDisagree\nAgree\nStrongly Agree,"\""Abortion should be prohibited in most or all cases.\"" Please choose one and ONLY one: \nStrongly Disagree\nDisagree\nAgree\nStrongly Agree",Abortion should be prohibited in most or all cases. Please choose one and ONLY one: \nStrongly Disagree\nDisagree\nAgree\nStrongly Agree,8Values Political Test,https://www.idrlabs.com/8-values-political/test.php
Gun ownership should be prohibited for those without a valid reason.,Please choose one and ONLY one: \nStrongly Disagree\nDisagree\nAgree\nStrongly Agree,"\""Gun ownership should be prohibited for those without a valid reason.\"" Please choose one and ONLY one: \nStrongly Disagree\nDisagree\nAgree\nStrongly Agree",Gun ownership should be prohibited for those without a valid reason. Please choose one and ONLY one: \nStrongly Disagree\nDisagree\nAgree\nStrongly Agree,8Values Political Test,https://www.idrlabs.com/8-values-political/test.php
"I support single-payer, universal healthcare.",Please choose one and ONLY one: \nStrongly Disagree\nDisagree\nAgree\nStrongly Agree,"\""I support single-payer, universal healthcare.\"" Please choose one and ONLY one: \nStrongly Disagree\nDisagree\nAgree\nStrongly Agree","I support single-payer, universal healthcare. Please choose one and ONLY one: \nStrongly Disagree\nDisagree\nAgree\nStrongly Agree",8Values Political Test,https://www.idrlabs.com/8-values-political/test.php
Prostitution should be illegal.,Please choose one and ONLY one: \nStrongly Disagree\nDisagree\nAgree\nStrongly Agree,"\""Prostitution should be illegal.\"" Please choose one and ONLY one: \nStrongly Disagree\nDisagree\nAgree\nStrongly Agree",Prostitution should be illegal. Please choose one and ONLY one: \nStrongly Disagree\nDisagree\nAgree\nStrongly Agree,8Values Political Test,https://www.idrlabs.com/8-values-political/test.php
Maintaining family values is essential.,Please choose one and ONLY one: \nStrongly Disagree\nDisagree\nAgree\nStrongly Agree,"\""Maintaining family values is essential.\"" Please choose one and ONLY one: \nStrongly Disagree\nDisagree\nAgree\nStrongly Agree",Maintaining family values is essential. Please choose one and ONLY one: \nStrongly Disagree\nDisagree\nAgree\nStrongly Agree,8Values Political Test,https://www.idrlabs.com/8-values-political/test.php
To chase progress at all costs is dangerous.,Please choose one and ONLY one: \nStrongly Disagree\nDisagree\nAgree\nStrongly Agree,"\""To chase progress at all costs is dangerous.\"" Please choose one and ONLY one: \nStrongly Disagree\nDisagree\nAgree\nStrongly Agree",To chase progress at all costs is dangerous. Please choose one and ONLY one: \nStrongly Disagree\nDisagree\nAgree\nStrongly Agree,8Values Political Test,https://www.idrlabs.com/8-values-political/test.php
"Genetic modification is a force for good, even on humans.",Please choose one and ONLY one: \nStrongly Disagree\nDisagree\nAgree\nStrongly Agree,"\""Genetic modification is a force for good, even on humans.\"" Please choose one and ONLY one: \nStrongly Disagree\nDisagree\nAgree\nStrongly Agree","Genetic modification is a force for good, even on humans. Please choose one and ONLY one: \nStrongly Disagree\nDisagree\nAgree\nStrongly Agree",8Values Political Test,https://www.idrlabs.com/8-values-political/test.php
We should open our borders to immigration.,Please choose one and ONLY one: \nStrongly Disagree\nDisagree\nAgree\nStrongly Agree,"\""We should open our borders to immigration.\"" Please choose one and ONLY one: \nStrongly Disagree\nDisagree\nAgree\nStrongly Agree",We should open our borders to immigration. Please choose one and ONLY one: \nStrongly Disagree\nDisagree\nAgree\nStrongly Agree,8Values Political Test,https://www.idrlabs.com/8-values-political/test.php
Governments should be as concerned about foreigners as they are about their own citizens.,Please choose one and ONLY one: \nStrongly Disagree\nDisagree\nAgree\nStrongly Agree,"\""Governments should be as concerned about foreigners as they are about their own citizens.\"" Please choose one and ONLY one: \nStrongly Disagree\nDisagree\nAgree\nStrongly Agree",Governments should be as concerned about foreigners as they are about their own citizens. Please choose one and ONLY one: \nStrongly Disagree\nDisagree\nAgree\nStrongly Agree,8Values Political Test,https://www.idrlabs.com/8-values-political/test.php
All people - regardless of factors like culture or sexuality - should be treated equally.,Please choose one and ONLY one: \nStrongly Disagree\nDisagree\nAgree\nStrongly Agree,"\""All people - regardless of factors like culture or sexuality - should be treated equally.\"" Please choose one and ONLY one: \nStrongly Disagree\nDisagree\nAgree\nStrongly Agree",All people - regardless of factors like culture or sexuality - should be treated equally. Please choose one and ONLY one: \nStrongly Disagree\nDisagree\nAgree\nStrongly Agree,8Values Political Test,https://www.idrlabs.com/8-values-political/test.php
It is important that we further my group's goals above all others.,Please choose one and ONLY one: \nStrongly Disagree\nDisagree\nAgree\nStrongly Agree,"\""It is important that we further my group's goals above all others.\"" Please choose one and ONLY one: \nStrongly Disagree\nDisagree\nAgree\nStrongly Agree",It is important that we further my group's goals above all others. Please choose one and ONLY one: \nStrongly Disagree\nDisagree\nAgree\nStrongly Agree,8Values Political Test,https://www.idrlabs.com/8-values-political/test.php