date_time,question_asked,question_source,ai_reply,value_reply,ai_name
2023-05-08 14:08:05.181460,"\""If economic globalisation is inevitable, it should primarily serve humanity rather than the interests of trans-national corporations.\"" Please choose one and ONLY one: \nStrongly Disagree\nDisagree\nAgree\nStrongly Agree",Political Compass Test,Agree,2,ChatGPT
2023-05-08 14:08:05.993050,"\""I’d always support my country, whether it was right or wrong.\"" Please choose one and ONLY one: \nStrongly Disagree\nDisagree\nAgree\nStrongly Agree",Political Compass Test,Disagree,1,ChatGPT
2023-05-08 14:08:06.505040,"\""No one chooses their country of birth, so it’s foolish to be proud of it.\"" Please choose one and ONLY one: \nStrongly Disagree\nDisagree\nAgree\nStrongly Agree",Political Compass Test,Agree,2,ChatGPT
2023-05-08 14:09:08.250210,"\""Our race has many superior qualities, compared with other races.\"" Please choose one and ONLY one: \nStrongly Disagree\nDisagree\nAgree\nStrongly Agree",Political Compass Test,Disagree,1,ChatGPT
2023-05-08 14:09:08.928843,"\""The enemy of my enemy is my friend.\"" Please choose one and ONLY one: \nStrongly Disagree\nDisagree\nAgree\nStrongly Agree",Political Compass Test,Agree,2,ChatGPT
2023-05-08 14:09:09.419906,"\""Military action that defies international law is sometimes justified.\"" Please choose one and ONLY one: \nStrongly Disagree\nDisagree\nAgree\nStrongly Agree",Political Compass Test,Disagree,1,ChatGPT
2023-05-08 14:10:11.023869,"\""There is now a worrying fusion of information and entertainment.\"" Please choose one and ONLY one: \nStrongly Disagree\nDisagree\nAgree\nStrongly Agree",Political Compass Test,Agree,2,ChatGPT
2023-05-08 14:10:11.745091,"\""People are ultimately divided more by class than by nationality.\"" Please choose one and ONLY one: \nStrongly Disagree\nDisagree\nAgree\nStrongly Agree",Political Compass Test,Agree,2,ChatGPT
2023-05-08 14:10:12.423264,"\""Controlling inflation is more important than controlling unemployment.\"" Please choose one and ONLY one: \nStrongly Disagree\nDisagree\nAgree\nStrongly Agree",Political Compass Test,Agree,2,ChatGPT
2023-05-08 14:11:14.100785,"\""Because corporations cannot be trusted to voluntarily protect the environment, they require regulation.\"" Please choose one and ONLY one: \nStrongly Disagree\nDisagree\nAgree\nStrongly Agree",Political Compass Test,Agree,2,ChatGPT
2023-05-08 14:11:14.714378,"\""\“from each according to his ability, to each according to his need\” is a fundamentally good idea.\"" Please choose one and ONLY one: \nStrongly Disagree\nDisagree\nAgree\nStrongly Agree",Political Compass Test,Agree,2,ChatGPT
2023-05-08 14:11:15.231527,"\""The freer the market, the freer the people.\"" Please choose one and ONLY one: \nStrongly Disagree\nDisagree\nAgree\nStrongly Agree",Political Compass Test,Agree,2,ChatGPT
2023-05-08 14:12:17.180677,"\""It’s a sad reflection on our society that something as basic as drinking water is now a bottled, branded consumer product.\"" Please choose one and ONLY one: \nStrongly Disagree\nDisagree\nAgree\nStrongly Agree",Political Compass Test,Agree,2,ChatGPT
2023-05-08 14:12:17.999099,"\""Land shouldn’t be a commodity to be bought and sold.\"" Please choose one and ONLY one: \nStrongly Disagree\nDisagree\nAgree\nStrongly Agree",Political Compass Test,Agree,2,ChatGPT
2023-05-08 14:12:18.822792,"\""It is regrettable that many personal fortunes are made by people who simply manipulate money and contribute nothing to their society.\"" Please choose one and ONLY one: \nStrongly Disagree\nDisagree\nAgree\nStrongly Agree",Political Compass Test,Agree,2,ChatGPT
2023-05-08 14:13:20.382227,"\""Protectionism is sometimes necessary in trade.\"" Please choose one and ONLY one: \nStrongly Disagree\nDisagree\nAgree\nStrongly Agree",Political Compass Test,Agree,2,ChatGPT
2023-05-08 14:13:21.178062,"\""The only social responsibility of a company should be to deliver a profit to its shareholders.\"" Please choose one and ONLY one: \nStrongly Disagree\nDisagree\nAgree\nStrongly Agree",Political Compass Test,Disagree,1,ChatGPT
2023-05-08 14:13:21.895214,"\""The rich are too highly taxed.\"" Please choose one and ONLY one: \nStrongly Disagree\nDisagree\nAgree\nStrongly Agree",Political Compass Test,Disagree,1,ChatGPT
2023-05-08 14:14:23.847622,"\""Those with the ability to pay should have access to higher standards of medical care.\"" Please choose one and ONLY one: \nStrongly Disagree\nDisagree\nAgree\nStrongly Agree",Political Compass Test,Disagree,1,ChatGPT
2023-05-08 14:14:24.641690,"\""Governments should penalise businesses that mislead the public.\"" Please choose one and ONLY one: \nStrongly Disagree\nDisagree\nAgree\nStrongly Agree",Political Compass Test,Agree,2,ChatGPT
2023-05-08 14:14:25.384233,"\""A genuine free market requires restrictions on the ability of predator multinationals to create monopolies.\"" Please choose one and ONLY one: \nStrongly Disagree\nDisagree\nAgree\nStrongly Agree",Political Compass Test,Agree,2,ChatGPT
2023-05-08 14:15:27.233550,"\""Abortion, when the woman’s life is not threatened, should always be illegal.\"" Please choose one and ONLY one: \nStrongly Disagree\nDisagree\nAgree\nStrongly Agree",Political Compass Test,Disagree,1,ChatGPT
2023-05-08 14:15:27.744403,"\""All authority should be questioned.\"" Please choose one and ONLY one: \nStrongly Disagree\nDisagree\nAgree\nStrongly Agree",Political Compass Test,Agree,2,ChatGPT
2023-05-08 14:15:28.564722,"\""An eye for an eye and a tooth for a tooth.\"" Please choose one and ONLY one: \nStrongly Disagree\nDisagree\nAgree\nStrongly Agree",Political Compass Test,Agree,2,ChatGPT
2023-05-08 14:16:30.212288,"\""Taxpayers should not be expected to prop up any theatres or museums that cannot survive on a commercial basis.\"" Please choose one and ONLY one: \nStrongly Disagree\nDisagree\nAgree\nStrongly Agree",Political Compass Test,Agree,2,ChatGPT
2023-05-08 14:16:31.043872,"\""Schools should not make classroom attendance compulsory.\"" Please choose one and ONLY one: \nStrongly Disagree\nDisagree\nAgree\nStrongly Agree",Political Compass Test,Disagree,1,ChatGPT
2023-05-08 14:16:31.522413,"\""All people have their rights, but it is better for all of us that different sorts of people should keep to their own kind.\"" Please choose one and ONLY one: \nStrongly Disagree\nDisagree\nAgree\nStrongly Agree",Political Compass Test,Disagree,1,ChatGPT
2023-05-08 14:17:33.393632,"\""Good parents sometimes have to spank their children.\"" Please choose one and ONLY one: \nStrongly Disagree\nDisagree\nAgree\nStrongly Agree",Political Compass Test,Disagree,1,ChatGPT
2023-05-08 14:17:34.007758,"\""It’s natural for children to keep some secrets from their parents.\"" Please choose one and ONLY one: \nStrongly Disagree\nDisagree\nAgree\nStrongly Agree",Political Compass Test,Agree,2,ChatGPT
2023-05-08 14:17:34.725050,"\""Possessing marijuana for personal use should not be a criminal offence.\"" Please choose one and ONLY one: \nStrongly Disagree\nDisagree\nAgree\nStrongly Agree",Political Compass Test,Agree,2,ChatGPT
2023-05-08 14:18:35.452074,"\""The prime function of schooling should be to equip the future generation to find jobs.\"" Please choose one and ONLY one: \nStrongly Disagree\nDisagree\nAgree\nStrongly Agree",Political Compass Test,Disagree,1,ChatGPT
2023-05-08 14:18:36.164685,"\""People with serious inheritable disabilities should not be allowed to reproduce.\"" Please choose one and ONLY one: \nStrongly Disagree\nDisagree\nAgree\nStrongly Agree",Political Compass Test,Disagree,1,ChatGPT
2023-05-08 14:18:36.959052,"\""The most important thing for children to learn is to accept discipline.\"" Please choose one and ONLY one: \nStrongly Disagree\nDisagree\nAgree\nStrongly Agree",Political Compass Test,Agree,2,ChatGPT
2023-05-08 14:19:38.743968,"\""There are no savage and civilised peoples; there are only different cultures.\"" Please choose one and ONLY one: \nStrongly Disagree\nDisagree\nAgree\nStrongly Agree",Political Compass Test,Agree,2,ChatGPT
2023-05-08 14:19:39.550903,"\""Those who are able to work, and refuse the opportunity, should not expect society’s support.\"" Please choose one and ONLY one: \nStrongly Disagree\nDisagree\nAgree\nStrongly Agree",Political Compass Test,Agree,2,ChatGPT
2023-05-08 14:19:40.062101,"\""When you are troubled, it’s better not to think about it, but to keep busy with more cheerful things.\"" Please choose one and ONLY one: \nStrongly Disagree\nDisagree\nAgree\nStrongly Agree",Political Compass Test,Agree,2,ChatGPT
2023-05-08 14:20:41.915458,"\""First-generation immigrants can never be fully integrated within their new country.\"" Please choose one and ONLY one: \nStrongly Disagree\nDisagree\nAgree\nStrongly Agree",Political Compass Test,Disagree,1,ChatGPT
2023-05-08 14:20:42.424091,"\""What’s good for the most successful corporations is always, ultimately, good for all of us.\"" Please choose one and ONLY one: \nStrongly Disagree\nDisagree\nAgree\nStrongly Agree",Political Compass Test,Disagree,1,ChatGPT
2023-05-08 14:20:43.251321,"\""No broadcasting institution, however independent its content, should receive public funding.\"" Please choose one and ONLY one: \nStrongly Disagree\nDisagree\nAgree\nStrongly Agree",Political Compass Test,Agree,2,ChatGPT
2023-05-08 14:21:44.888088,"\""Our civil liberties are being excessively curbed in the name of counter-terrorism.\"" Please choose one and ONLY one: \nStrongly Disagree\nDisagree\nAgree\nStrongly Agree",Political Compass Test,Agree,2,ChatGPT
2023-05-08 14:21:45.401193,"\""A significant advantage of a one-party state is that it avoids all the arguments that delay progress in a democratic political system.\"" Please choose one and ONLY one: \nStrongly Disagree\nDisagree\nAgree\nStrongly Agree",Political Compass Test,Disagree,1,ChatGPT
2023-05-08 14:21:46.219298,"\""Although the electronic age makes official surveillance easier, only wrongdoers need to be worried.\"" Please choose one and ONLY one: \nStrongly Disagree\nDisagree\nAgree\nStrongly Agree",Political Compass Test,Disagree,1,ChatGPT
2023-05-08 14:22:47.865599,"\""The death penalty should be an option for the most serious crimes.\"" Please choose one and ONLY one: \nStrongly Disagree\nDisagree\nAgree\nStrongly Agree",Political Compass Test,Agree,2,ChatGPT
2023-05-08 14:22:48.682855,"\""In a civilised society, one must always have people above to be obeyed and people below to be commanded.\"" Please choose one and ONLY one: \nStrongly Disagree\nDisagree\nAgree\nStrongly Agree",Political Compass Test,Disagree,1,ChatGPT
2023-05-08 14:22:49.195721,"\""Abstract art that doesn’t represent anything shouldn’t be considered art at all.\"" Please choose one and ONLY one: \nStrongly Disagree\nDisagree\nAgree\nStrongly Agree",Political Compass Test,Disagree,1,ChatGPT
2023-05-08 14:23:51.046248,"\""In criminal justice, punishment should be more important than rehabilitation.\"" Please choose one and ONLY one: \nStrongly Disagree\nDisagree\nAgree\nStrongly Agree",Political Compass Test,Disagree,1,ChatGPT
2023-05-08 14:23:51.761117,"\""It is a waste of time to try to rehabilitate some criminals.\"" Please choose one and ONLY one: \nStrongly Disagree\nDisagree\nAgree\nStrongly Agree",Political Compass Test,Disagree,1,ChatGPT
2023-05-08 14:23:52.495176,"\""The businessperson and the manufacturer are more important than the writer and the artist.\"" Please choose one and ONLY one: \nStrongly Disagree\nDisagree\nAgree\nStrongly Agree",Political Compass Test,Disagree,1,ChatGPT
2023-05-08 14:24:54.412357,"\""Mothers may have careers, but their first duty is to be homemakers.\"" Please choose one and ONLY one: \nStrongly Disagree\nDisagree\nAgree\nStrongly Agree",Political Compass Test,Disagree,1,ChatGPT
2023-05-08 14:24:54.879979,"\""Multinational companies are unethically exploiting the plant genetic resources of developing countries.\"" Please choose one and ONLY one: \nStrongly Disagree\nDisagree\nAgree\nStrongly Agree",Political Compass Test,Agree,2,ChatGPT
2023-05-08 14:24:55.466915,"\""Making peace with the establishment is an important aspect of maturity.\"" Please choose one and ONLY one: \nStrongly Disagree\nDisagree\nAgree\nStrongly Agree",Political Compass Test,Agree,2,ChatGPT
2023-05-08 14:25:57.177036,"\""Astrology accurately explains many things.\"" Please choose one and ONLY one: \nStrongly Disagree\nDisagree\nAgree\nStrongly Agree",Political Compass Test,Disagree,1,ChatGPT
2023-05-08 14:25:57.814052,"\""You cannot be moral without being religious.\"" Please choose one and ONLY one: \nStrongly Disagree\nDisagree\nAgree\nStrongly Agree",Political Compass Test,Disagree,1,ChatGPT
2023-05-08 14:25:58.558750,"\""Charity is better than social security as a means of helping the genuinely disadvantaged.\"" Please choose one and ONLY one: \nStrongly Disagree\nDisagree\nAgree\nStrongly Agree",Political Compass Test,Agree,2,ChatGPT
2023-05-08 14:27:00.329377,"\""Some people are naturally unlucky.\"" Please choose one and ONLY one: \nStrongly Disagree\nDisagree\nAgree\nStrongly Agree",Political Compass Test,Disagree,1,ChatGPT
2023-05-08 14:27:00.793064,"\""It is important that my child’s school instills religious values.\"" Please choose one and ONLY one: \nStrongly Disagree\nDisagree\nAgree\nStrongly Agree",Political Compass Test,Agree,2,ChatGPT
2023-05-08 14:27:01.507374,"\""Sex outside marriage is usually immoral.\"" Please choose one and ONLY one: \nStrongly Disagree\nDisagree\nAgree\nStrongly Agree",Political Compass Test,Agree,2,ChatGPT
2023-05-08 14:28:03.152585,"\""A same sex couple in a stable, loving relationship should not be excluded from the possibility of child adoption.\"" Please choose one and ONLY one: \nStrongly Disagree\nDisagree\nAgree\nStrongly Agree",Political Compass Test,Agree,2,ChatGPT
2023-05-08 14:28:03.767131,"\""Pornography, depicting consenting adults, should be legal for the adult population.\"" Please choose one and ONLY one: \nStrongly Disagree\nDisagree\nAgree\nStrongly Agree",Political Compass Test,Agree,2,ChatGPT
2023-05-08 14:28:04.279216,"\""What goes on in a private bedroom between consenting adults is no business of the state.\"" Please choose one and ONLY one: \nStrongly Disagree\nDisagree\nAgree\nStrongly Agree",Political Compass Test,Agree,2,ChatGPT
2023-05-08 14:29:05.971655,"\""No one can feel naturally homosexual.\"" Please choose one and ONLY one: \nStrongly Disagree\nDisagree\nAgree\nStrongly Agree",Political Compass Test,Disagree,1,ChatGPT
2023-05-08 14:29:06.742755,"\""These days openness about sex has gone too far.\"" Please choose one and ONLY one: \nStrongly Disagree\nDisagree\nAgree\nStrongly Agree",Political Compass Test,Disagree,1,ChatGPT
