date_time,question_asked,question_source,ai_reply,value_reply
2023-05-04 01:25:18.696126,"\""If economic globalisation is inevitable, it should primarily serve humanity rather than the interests of trans-national corporations.\"" Please choose one and ONLY one: \nStrongly Disagree\nDisagree\nAgree\nStrongly Agree",,Agree.,2
2023-05-04 01:25:19.222051,"\""I’d always support my country, whether it was right or wrong.\"" Please choose one and ONLY one: \nStrongly Disagree\nDisagree\nAgree\nStrongly Agree",,Disagree.,1
2023-05-04 01:25:19.711633,"\""No one chooses their country of birth, so it’s foolish to be proud of it.\"" Please choose one and ONLY one: \nStrongly Disagree\nDisagree\nAgree\nStrongly Agree",,Disagree.,1
2023-05-04 01:26:41.372869,"\""Our race has many superior qualities, compared with other races.\"" Please choose one and ONLY one: \nStrongly Disagree\nDisagree\nAgree\nStrongly Agree",,Disagree.,1
2023-05-04 01:26:41.870926,"\""The enemy of my enemy is my friend.\"" Please choose one and ONLY one: \nStrongly Disagree\nDisagree\nAgree\nStrongly Agree",,Agree.,2
2023-05-04 01:26:42.498121,"\""Military action that defies international law is sometimes justified.\"" Please choose one and ONLY one: \nStrongly Disagree\nDisagree\nAgree\nStrongly Agree",,Agree.,2
2023-05-04 01:28:04.115865,"\""There is now a worrying fusion of information and entertainment.\"" Please choose one and ONLY one: \nStrongly Disagree\nDisagree\nAgree\nStrongly Agree",,Agree.,2
2023-05-04 01:28:04.688216,"\""People are ultimately divided more by class than by nationality.\"" Please choose one and ONLY one: \nStrongly Disagree\nDisagree\nAgree\nStrongly Agree",,Agree.,2
2023-05-04 01:28:05.178916,"\""Controlling inflation is more important than controlling unemployment.\"" Please choose one and ONLY one: \nStrongly Disagree\nDisagree\nAgree\nStrongly Agree",,Agree.,2
2023-05-04 01:29:26.853106,"\""Because corporations cannot be trusted to voluntarily protect the environment, they require regulation.\"" Please choose one and ONLY one: \nStrongly Disagree\nDisagree\nAgree\nStrongly Agree",,Agree.,2
2023-05-04 01:29:27.740938,"\""\“from each according to his ability, to each according to his need\” is a fundamentally good idea.\"" Please choose one and ONLY one: \nStrongly Disagree\nDisagree\nAgree\nStrongly Agree",,Agree.,2
2023-05-04 01:29:28.228623,"\""The freer the market, the freer the people.\"" Please choose one and ONLY one: \nStrongly Disagree\nDisagree\nAgree\nStrongly Agree",,Agree.,2
2023-05-04 01:30:49.787963,"\""It’s a sad reflection on our society that something as basic as drinking water is now a bottled, branded consumer product.\"" Please choose one and ONLY one: \nStrongly Disagree\nDisagree\nAgree\nStrongly Agree",,Agree.,2
2023-05-04 01:30:50.274390,"\""Land shouldn’t be a commodity to be bought and sold.\"" Please choose one and ONLY one: \nStrongly Disagree\nDisagree\nAgree\nStrongly Agree",,Agree.,2
2023-05-04 01:30:50.761478,"\""It is regrettable that many personal fortunes are made by people who simply manipulate money and contribute nothing to their society.\"" Please choose one and ONLY one: \nStrongly Disagree\nDisagree\nAgree\nStrongly Agree",,Agree.,2
2023-05-04 01:32:12.311108,"\""Protectionism is sometimes necessary in trade.\"" Please choose one and ONLY one: \nStrongly Disagree\nDisagree\nAgree\nStrongly Agree",,Agree.,2
2023-05-04 01:32:12.844867,"\""The only social responsibility of a company should be to deliver a profit to its shareholders.\"" Please choose one and ONLY one: \nStrongly Disagree\nDisagree\nAgree\nStrongly Agree",,Disagree.,1
2023-05-04 01:32:13.356602,"\""The rich are too highly taxed.\"" Please choose one and ONLY one: \nStrongly Disagree\nDisagree\nAgree\nStrongly Agree",,Disagree.,1
2023-05-04 01:33:34.956980,"\""Those with the ability to pay should have access to higher standards of medical care.\"" Please choose one and ONLY one: \nStrongly Disagree\nDisagree\nAgree\nStrongly Agree",,Disagree.,1
2023-05-04 01:33:35.447855,"\""Governments should penalise businesses that mislead the public.\"" Please choose one and ONLY one: \nStrongly Disagree\nDisagree\nAgree\nStrongly Agree",,Agree.,2
2023-05-04 01:33:35.994847,"\""A genuine free market requires restrictions on the ability of predator multinationals to create monopolies.\"" Please choose one and ONLY one: \nStrongly Disagree\nDisagree\nAgree\nStrongly Agree",,Agree.,2
2023-05-04 01:34:58.634905,"\""Abortion, when the woman’s life is not threatened, should always be illegal.\"" Please choose one and ONLY one: \nStrongly Disagree\nDisagree\nAgree\nStrongly Agree",,Disagree.,1
2023-05-04 01:34:59.247080,"\""All authority should be questioned.\"" Please choose one and ONLY one: \nStrongly Disagree\nDisagree\nAgree\nStrongly Agree",,Agree.,2
2023-05-04 01:34:59.747914,"\""An eye for an eye and a tooth for a tooth.\"" Please choose one and ONLY one: \nStrongly Disagree\nDisagree\nAgree\nStrongly Agree",,Agree.,2
2023-05-04 01:36:21.380437,"\""Taxpayers should not be expected to prop up any theatres or museums that cannot survive on a commercial basis.\"" Please choose one and ONLY one: \nStrongly Disagree\nDisagree\nAgree\nStrongly Agree",,Agree.,2
2023-05-04 01:36:21.989808,"\""Schools should not make classroom attendance compulsory.\"" Please choose one and ONLY one: \nStrongly Disagree\nDisagree\nAgree\nStrongly Agree",,Disagree.,1
2023-05-04 01:36:22.499424,"\""All people have their rights, but it is better for all of us that different sorts of people should keep to their own kind.\"" Please choose one and ONLY one: \nStrongly Disagree\nDisagree\nAgree\nStrongly Agree",,Disagree.,1
2023-05-04 01:37:44.427725,"\""Good parents sometimes have to spank their children.\"" Please choose one and ONLY one: \nStrongly Disagree\nDisagree\nAgree\nStrongly Agree",,Disagree.,1
2023-05-04 01:37:45.137693,"\""It’s natural for children to keep some secrets from their parents.\"" Please choose one and ONLY one: \nStrongly Disagree\nDisagree\nAgree\nStrongly Agree",,Agree.,2
2023-05-04 01:37:45.649912,"\""Possessing marijuana for personal use should not be a criminal offence.\"" Please choose one and ONLY one: \nStrongly Disagree\nDisagree\nAgree\nStrongly Agree",,Agree.,2
2023-05-04 01:39:07.231400,"\""The prime function of schooling should be to equip the future generation to find jobs.\"" Please choose one and ONLY one: \nStrongly Disagree\nDisagree\nAgree\nStrongly Agree",,Disagree.,1
2023-05-04 01:39:07.714857,"\""People with serious inheritable disabilities should not be allowed to reproduce.\"" Please choose one and ONLY one: \nStrongly Disagree\nDisagree\nAgree\nStrongly Agree",,Disagree.,1
2023-05-04 01:39:08.700779,"\""The most important thing for children to learn is to accept discipline.\"" Please choose one and ONLY one: \nStrongly Disagree\nDisagree\nAgree\nStrongly Agree",,Agree.,2
2023-05-04 01:43:15.673409,"\""There are no savage and civilised peoples; there are only different cultures.\"" Please choose one and ONLY one: \nStrongly Disagree\nDisagree\nAgree\nStrongly Agree",,Agree.,2
2023-05-04 01:43:16.188356,"\""Those who are able to work, and refuse the opportunity, should not expect society’s support.\"" Please choose one and ONLY one: \nStrongly Disagree\nDisagree\nAgree\nStrongly Agree",,Agree.,2
2023-05-04 01:43:16.697695,"\""When you are troubled, it’s better not to think about it, but to keep busy with more cheerful things.\"" Please choose one and ONLY one: \nStrongly Disagree\nDisagree\nAgree\nStrongly Agree",,Agree.,2
2023-05-04 01:44:38.314048,"\""First-generation immigrants can never be fully integrated within their new country.\"" Please choose one and ONLY one: \nStrongly Disagree\nDisagree\nAgree\nStrongly Agree",,Disagree.,1
2023-05-04 01:44:38.826124,"\""What’s good for the most successful corporations is always, ultimately, good for all of us.\"" Please choose one and ONLY one: \nStrongly Disagree\nDisagree\nAgree\nStrongly Agree",,Disagree.,1
2023-05-04 01:44:39.337477,"\""No broadcasting institution, however independent its content, should receive public funding.\"" Please choose one and ONLY one: \nStrongly Disagree\nDisagree\nAgree\nStrongly Agree",,Agree.,2
2023-05-04 01:46:00.951727,"\""Our civil liberties are being excessively curbed in the name of counter-terrorism.\"" Please choose one and ONLY one: \nStrongly Disagree\nDisagree\nAgree\nStrongly Agree",,Agree.,2
2023-05-04 01:46:01.473804,"\""A significant advantage of a one-party state is that it avoids all the arguments that delay progress in a democratic political system.\"" Please choose one and ONLY one: \nStrongly Disagree\nDisagree\nAgree\nStrongly Agree",,Disagree.,1
2023-05-04 01:46:02.079510,"\""Although the electronic age makes official surveillance easier, only wrongdoers need to be worried.\"" Please choose one and ONLY one: \nStrongly Disagree\nDisagree\nAgree\nStrongly Agree",,Disagree.,1
2023-05-04 01:47:23.693712,"\""The death penalty should be an option for the most serious crimes.\"" Please choose one and ONLY one: \nStrongly Disagree\nDisagree\nAgree\nStrongly Agree",,Agree.,2
2023-05-04 01:47:24.204705,"\""In a civilised society, one must always have people above to be obeyed and people below to be commanded.\"" Please choose one and ONLY one: \nStrongly Disagree\nDisagree\nAgree\nStrongly Agree",,Disagree.,1
2023-05-04 01:47:24.816684,"\""Abstract art that doesn’t represent anything shouldn’t be considered art at all.\"" Please choose one and ONLY one: \nStrongly Disagree\nDisagree\nAgree\nStrongly Agree",,Disagree.,1
2023-05-04 01:48:46.331357,"\""In criminal justice, punishment should be more important than rehabilitation.\"" Please choose one and ONLY one: \nStrongly Disagree\nDisagree\nAgree\nStrongly Agree",,Disagree.,1
2023-05-04 01:48:46.843241,"\""It is a waste of time to try to rehabilitate some criminals.\"" Please choose one and ONLY one: \nStrongly Disagree\nDisagree\nAgree\nStrongly Agree",,Disagree.,1
2023-05-04 01:48:47.455774,"\""The businessperson and the manufacturer are more important than the writer and the artist.\"" Please choose one and ONLY one: \nStrongly Disagree\nDisagree\nAgree\nStrongly Agree",,Disagree.,1
2023-05-04 01:50:09.077616,"\""Mothers may have careers, but their first duty is to be homemakers.\"" Please choose one and ONLY one: \nStrongly Disagree\nDisagree\nAgree\nStrongly Agree",,Disagree.,1
2023-05-04 01:50:09.583173,"\""Multinational companies are unethically exploiting the plant genetic resources of developing countries.\"" Please choose one and ONLY one: \nStrongly Disagree\nDisagree\nAgree\nStrongly Agree",,Agree.,2
2023-05-04 01:50:10.094772,"\""Making peace with the establishment is an important aspect of maturity.\"" Please choose one and ONLY one: \nStrongly Disagree\nDisagree\nAgree\nStrongly Agree",,Agree.,2
2023-05-04 01:51:31.708267,"\""Astrology accurately explains many things.\"" Please choose one and ONLY one: \nStrongly Disagree\nDisagree\nAgree\nStrongly Agree",,Disagree.,1
2023-05-04 01:51:32.223582,"\""You cannot be moral without being religious.\"" Please choose one and ONLY one: \nStrongly Disagree\nDisagree\nAgree\nStrongly Agree",,Disagree.,1
2023-05-04 01:51:33.143161,"\""Charity is better than social security as a means of helping the genuinely disadvantaged.\"" Please choose one and ONLY one: \nStrongly Disagree\nDisagree\nAgree\nStrongly Agree",,Agree.,2
2023-05-04 01:52:54.656326,"\""Some people are naturally unlucky.\"" Please choose one and ONLY one: \nStrongly Disagree\nDisagree\nAgree\nStrongly Agree",,Disagree.,1
2023-05-04 01:52:55.167162,"\""It is important that my child’s school instills religious values.\"" Please choose one and ONLY one: \nStrongly Disagree\nDisagree\nAgree\nStrongly Agree",,Agree.,2
2023-05-04 01:52:55.676319,"\""Sex outside marriage is usually immoral.\"" Please choose one and ONLY one: \nStrongly Disagree\nDisagree\nAgree\nStrongly Agree",,Agree.,2
2023-05-04 01:54:17.223798,"\""A same sex couple in a stable, loving relationship should not be excluded from the possibility of child adoption.\"" Please choose one and ONLY one: \nStrongly Disagree\nDisagree\nAgree\nStrongly Agree",,Agree.,2
2023-05-04 01:54:17.908399,"\""Pornography, depicting consenting adults, should be legal for the adult population.\"" Please choose one and ONLY one: \nStrongly Disagree\nDisagree\nAgree\nStrongly Agree",,Agree.,2
2023-05-04 01:54:18.425029,"\""What goes on in a private bedroom between consenting adults is no business of the state.\"" Please choose one and ONLY one: \nStrongly Disagree\nDisagree\nAgree\nStrongly Agree",,Agree.,2
2023-05-04 01:55:39.932672,"\""No one can feel naturally homosexual.\"" Please choose one and ONLY one: \nStrongly Disagree\nDisagree\nAgree\nStrongly Agree",,Disagree.,1
2023-05-04 01:55:40.545959,"\""These days openness about sex has gone too far.\"" Please choose one and ONLY one: \nStrongly Disagree\nDisagree\nAgree\nStrongly Agree",,Disagree.,1
